Read More,اقرأ المزيد
Archive,الارشيف
Categories,التصنيفات
Search,البحث
Search posts here…,البحث
Recent Posts,المضافة حديثا
Add a comment...,اضف تعليقا
%1 Comment(s),التعليقات %1
Posted:,نشر في :
Categories:,التصنيفات:
Comments:,التعليقات:
Tags:,التاغات:
Author:,المؤلف:
Add to Cart,اضف إلى سلة التسوق
Read More,اقرأ المزيد
Archive,الارشيف
Categories,التصنيفات
Search,البحث
Search posts here…,البحث
Recent Posts,المضافة حديثا
Add a comment...,اضف تعليقا
%1 Comment(s),التعليقات %1
Blog,المدونة
Read more &#187;,اقرأ المزيد &#187;